[
  {
    "city": "shaleport",
    "title": "Aquarius Landing"
  },
  {
    "city": "shaleport",
    "title": "Beachbound hostel"
  },
  {
    "city": "shaleport",
    "title": "The Spritz"
  },
  {
    "city": "petalborough",
    "title": "Garden Cottage"
  },
  {
    "city": "petalborough",
    "title": "Hillside Inn"
  },
  {
    "city": "rustburg",
    "title": "Cozy Burgs Bed and Breakfast"
  },
  {
    "city": "rustburg",
    "title": "Crusty Crone Inn"
  },
  {
    "city": "rustburg",
    "title": "The Idle Crumb Hotel"
  },
  {
    "city": "rustburg",
    "title": "The Shack"
  }
]